control_wealth,round,avg_contribution,common_fund
EQUAL,1,2.7831,16.6986
EQUAL,2,2.6155,32.3916
EQUAL,3,2.5444,47.658
EQUAL,4,2.4995,62.655
EQUAL,5,2.4743666666666666,77.5012
EQUAL,6,2.3703,91.723
EQUAL,7,2.3095666666666665,105.5804
EQUAL,8,2.2654,119.1728
EQUAL,9,2.2594,132.7292
EQUAL,10,2.2509333333333332,146.2348
UNEQUAL-L,1,2.750566666666667,16.5034
UNEQUAL-L,2,2.5524666666666667,31.8182
UNEQUAL-L,3,2.481733333333333,46.7086
UNEQUAL-L,4,2.4548,61.4374
UNEQUAL-L,5,2.4076,75.883
UNEQUAL-L,6,2.2569333333333335,89.4246
UNEQUAL-L,7,2.074133333333333,101.8694
UNEQUAL-L,8,1.8691666666666666,113.0844
UNEQUAL-L,9,1.6241666666666668,122.8294
UNEQUAL-L,10,1.3547333333333333,130.9578
UNEQUAL-H,1,2.7695333333333334,16.6172
UNEQUAL-H,2,2.7960333333333334,33.3934
UNEQUAL-H,3,2.7266666666666666,49.7534
UNEQUAL-H,4,2.6058,65.3882
UNEQUAL-H,5,2.4943666666666666,80.3544
UNEQUAL-H,6,2.3874333333333335,94.679
UNEQUAL-H,7,2.2079333333333335,107.9266
UNEQUAL-H,8,1.9968666666666666,119.9078
UNEQUAL-H,9,1.7359,130.3232
UNEQUAL-H,10,1.5135333333333334,139.4044
